,id_line,label,lemma,base,extent,scope,id_text,line
0,P224485.2,o 1,awātu[word]N šarru[king]N ana[to]PRP Aššur-šarru-uṣur[1]PN šulmu[completeness]N yâšim[to-me]IP,a-bat LUGAL a-na {1}aš-šur-MAN-PAB šul-mu ia-a-ši,,,P224485,2
1,P224485.3,o 2,šulmu[completeness]N ana[to]PRP Mat-Aššur[Assyria]GN libbu[interior]N lū[may]MOD ṭābu[good]AJ,šul-mu a-na KUR-aš-šur{KI} ŠA₃-ka lu DUG₃.GA-ka,,,P224485,3
2,P224485.4,o 3,ša[that]REL šapāru[send]V mā[saying]PRP māru[son]N šipru[sending]N ša[of]DET Mita[Midas]PN,ša taš-pur-an-ni ma-a {LU₂}A-šip-ri {LU₂}A-šip-ri ša {1}me-ta-a,,,P224485,4
3,P224485.5,o 4,Muskaya[Phrygian]EN ina[in]PRP muhhu[skull]N alāku[go]V mā[saying]PRP 14[NA]NA ṣābu[people]N,{KUR}mus-ka-a.a ina UGU-hi-ia it-tal-ka ma-a 14 ERIM-MEŠ,,,P224485,5
4,P224485.6,o 5,Quwaya[from-Quwe]EN ša[that]REL Urik[1]PN ana[to]PRP šapru[envoy]N,{KUR}qu-u-a.a ša {1}u₂-ri-ik a-na {LU₂}šap-ru-te,,,P224485,6
5,P224485.7,o 6,ana[to]PRP Urarṭu[1]GN wabālu[bring]V mā[saying]PRP ina[in]PRP muhhu[skull]N našû[lifted]AJ,a-na {KUR}URI u₂-še-bi-lu-u-ni ma-a ina UGU-hi-ia na-ṣa,,,P224485,7
6,P224485.8,o 7,tarṣu[correct]AJ adanniš[very-much]AV annûri[now]AV Aššur[1]DN Šamaš[1]DN Bel[1]DN,ta-ri-iṣ a-dan-niš an-nu-rig aš-šur {d}ša₂-maš EN,,,P224485,8
7,P224485.9,o 8,Nabu[1]DN ilu[god]N epēšu[do]V lā[not]MOD ina[in]PRP libbu[interior]N qarābu[battle]N lā[not]MOD ina[in]PRP libbu[interior]N memēni[somebody]XP,{d}AG DINGIR-MEŠ-ia e-tap-šu₂ la ina ŠA₃ qa-ra-bi la ina ŠA₃ me-me-ni,,,P224485,9
8,P224485.10,o 9,Muskaya[Phrygian]EN pû[mouth]N tadānu[give]V,{KUR}mus-ka-a.a pi-i-šu₂ it-ta-an-na-na-ši,,,P224485,10
9,P224485.11,o 10,ana[to]PRP salmu[peaceful]AJ târu[turn]V ša[that]REL šapāru[send]V,a-na sa-al-mi-ni it-tu-ar ša taš-pur-an-ni,,,P224485,11
10,P224485.12,o 11,mā[saying]PRP balāt[without]PRP šarru[king]N bēlu[lord]N māru[son]N šipru[sending]N ina[in]PRP muhhu[skull]N,ma-a ba-lat LUGAL be-li₂-ia {LU₂}A-šip-ri-ia {LU₂}A-šip-ri-ia ina UGU,,,P224485,12
11,P224485.13,o 12,Muskaya[Phrygian]EN lā[not]MOD šapāru[send]V ūma[today]AV annûri[now]AV,{KUR}mus-ka-a.a la a-šap-par u₂-ma-a an-nu-rig,,,P224485,13
12,P224485.14,o 13,šapāru[send]V māru[son]N šipru[sending]N ištu[from]PRP pānu[front]N Muskaya[Phrygian]EN,a-sap-rak-ka {LU₂}A-šip-ri-ka {LU₂}A-šip-ri-ka TA@v pa-an {KUR}mus-ka-a.a,,,P224485,14
13,P224485.15,o 14,lū[may]MOD lā[not]MOD batāqu[cut-off]V dibbu[words]N ṭābu[good]AJ šapāru[send]V,lu la ta-bat-taq dib-bi DUG₃.GA-MEŠ šup-ra-aš₂-šu₂,,,P224485,15
14,P224485.16,o 15,kayyamānu[permanent]AJ mīnu[what?]QP ša[that]REL ṭēmu[(fore)thought]N šemû[hear]V adi[until]PRP bītu[house]N riāqu[be(come)-empty]V,ka-a.a-ma-nu mi-i-nu ša ṭe₃-en-šu₂-ni ši-mi a-du be₂-et a-ri-qa-an-ni,,,P224485,16
15,P224485.17,o 16,ša[that]REL šapāru[send]V mā[saying]PRP kī[like]PRP ša[that]REL šū[he]IP ardu[slave]N ša[of]DET šarru[king]N bēlu[lord]N,ša taš-pur-an-ni ma-a ki-i ša šu-u₂ ARAD-MEŠ ša LUGAL be-li₂-ia,,,P224485,17
16,P224485.18,o 17,wabālu[bring]V mā[saying]PRP anāku[I]IP ardu[slave]N wabālu[bring]V,u₂-še-bi-il-an-ni ma-a ana-ku ARAD-MEŠ-ni-šu₂ lu-še-bi-la-aš₂-šu₂-u₂,,,P224485,18
17,P224485.19,o 18,wabālu[bring]V basi[soon]AV libbu[interior]N išti[with]PRP pašāru[release]V lū[may]MOD 01[NA]NA meʾatu[(one)-hundred]NU ardu[slave]N lū[may]MOD 10[NA]NA,še-bi-la-aš₂-šu₂ ba-si lib-bu-šu₂ is-si-ni ip-pa-šar lu 01 me ARAD-MEŠ-šu₂ lu 10,,,P224485,19
18,P224485.20,o 19,kī[like]PRP annû[this]DP šapāru[send]V mā[saying]PRP ṣābu[people]N Quwaya[from-Quwe]EN ša[that]REL wabālu[bring]V,ki-i an-ni šup-ra-šu₂ ma-a ERIM-MEŠ {KUR}qu-u-a.a ša tu-še-bil-an-ni,,,P224485,20
19,P224485.21,o 20,mā[saying]PRP ina[in]PRP muhhu[skull]N šarru[king]N bēlu[lord]N šapāru[send]V mā[saying]PRP šarru[king]N bēlu[lord]N,ma-a ina UGU LUGAL be-li₂-ia as-sap-par ma-a LUGAL be-li₂,,,P224485,21
20,P224485.22,o 21,hadû[be(come)-joyful]V adanniš[very-much]AV mā[saying]PRP sahāru[go-around]V x[NA]NA x[NA]NA x[NA]NA x[NA]NA,ih-tu-du a-dan-niš ma-a u₂-sa-hi-ir x x x x,,,P224485,22
21,P224485.23,o 22,ina[in]PRP muhhu[skull]N šapāru[send]V mā[saying]PRP Muskaya[Phrygian]EN ammar[as-much-as]REL,ina UGU-hi-ia is-sap-ra ma-a {KUR}mus-ka-a.a am-mar,,,P224485,23
22,P224485.24,o 23,ina[in]PRP pānu[front]N ištēn[one]NU lā[not]MOD kalû[hold-(back)]V mā[saying]PRP arhiš[quickly]AV ana[to]PRP,ina pa-ni-ka-ni 01-en la ta-kal-la ma-a ar-hiš a-na,,,P224485,24
23,P224485.25,o 24,Mita[Midas]PN wabālu[bring]V mā[saying]PRP ṣābu[people]N annû[this]DP,{1}me-ta-a še-bi-il ma-a ERIM-MEŠ an-nu-te,,,P224485,25
24,P224485.26,o 25,ina[in]PRP muhhu[skull]N pû[mouth]N ša[of]DET šarru[king]N bēlu[lord]N wabālu[bring]V,ina UGU pe-e ša LUGAL be-li₂-ia u₂-se-bi-lak-ka,,,P224485,26
25,P224485.27,o 26,ša[that]REL šapāru[send]V mā[saying]PRP māru[son]N šipru[sending]N ša[of]DET Urpalaʾa[1]PN,ša taš-pur-an-ni ma-a {LU₂}A-šip-ri {LU₂}A-šip-ri ša {1}ur-pala-a,,,P224485,27
26,P224485.28,o 27,išti[with]PRP māru[son]N šipru[sending]N Muskaya[Phrygian]EN ana[to]PRP šulmu[completeness]N ina[in]PRP muhhu[skull]N,TA@v {LU₂}A-šip-ri {LU₂}A-šip-ri {KUR}mus-ka-a.a a-na DI-me ina UGU-hi-ia,,,P224485,28
27,P224485.29,o 28,alāku[go]V alāku[go]V Aššur[1]DN Šamaš[1]DN Bel[1]DN u[and]CNJ Nabu[1]DN,it-tal-ka lil-li-ka aš-šur {d}UTU EN u {d}PA,,,P224485,29
28,P224485.30,o 29,qabû[say]V šarru[king]N annû[this]DP gabbu[totality]N išti[with]PRP ziqnu[beard]N,liq-bi-u LUGAL-MEŠ-ni ha-an-nu-ti gab-bi-šu₂-nu TA@v ziq-ni-šu₂-nu,,,P224485,30
29,P224485.31,o 30,mešēnu[sandal]N šakkulu[wipe]V,{KUŠ}DA.E.SIR-ka lu-šak-ki-lu,,,P224485,31
30,P224485.32,o 31,ša[that]REL šapāru[send]V mā[saying]PRP Kilar[1]PN 04[NA]NA nagû[region]N,ša taš-pur-an-ni ma-a {1}ki-la-ar 04 na-gi-a-ni,,,P224485,32
31,P224485.33,o 32,erēšu[request]V mā[saying]PRP tadānu[give]V kīma[like]PRP 04[NA]NA nagû[region]N,e-tar-ša₂-an-ni ma-a lid-di-nu-ni ki-ma 04 na-gi-a-ni,,,P224485,33
32,P224485.34,o 33,annû[this]DP ana[to]PRP Kilar[1]PN tadānu[give]V,an-nu-te a-na {1}ki-la-ar ta-at-ti-din,,,P224485,34
33,P224485.35,o 34,lā[not]MOD ana[to]PRP mehru[colleague]N târu[turn]V,la a-na mi-ih-ri-ka-a i-tu-ar,,,P224485,35
34,P224485.36,o 35,atta[you]IP ina[in]PRP muhhu[skull]N mīnu[what?]QP pīhātūtu[provincial-governorship]N epēšu[do]V,at-ta-ma ina UGU mi-i-ni {LU₂}pa-ha-tu-u₂-tu₂ tu-up-pa-aš₂,,,P224485,36
35,P224485.37,o 36,kī[like]PRP annû[this]DP qabû[say]V mā[saying]PRP ina[in]PRP timāli[yesterday]AV šalšūmi[the-day-before-yesterday]AV,ki-i an-ni-i qi-ba-aš₂-šu₂ ma-a ina ti-ma-li šal-ši-UD-me,,,P224485,37
36,P224485.38,o 37,ištu[from]PRP pānu[front]N Muskaya[Phrygian]EN palhu[fearful]AJ mā[saying]PRP ūma[today]AV,TA@v IGI {KUR}mus-ka-a.a pal-ha-a-ka ma-a u₂-ma-a,,,P224485,38
37,P224485.39,o 38,Muskaya[Phrygian]EN išti[with]PRP salāmu[be(come)-at-peace]V,{KUR}mus-ka-a.a is-si-ni is-si-lim,,,P224485,39
38,P224485.41,r 39,mā[saying]PRP atta[you]IP ištu[from]PRP pānu[front]N mīnu[what?]QP palhu[fearful]AJ,ma-a at-ta TA@v IGI mi-i-ni pal-ha-a-ka,,,P224485,41
39,P224485.42,r 40,mā[saying]PRP ūma[today]AV ṣillu[shade]N šarru[king]N bēlu[lord]N kusāpu[bread]N akālu[eat]V,ma-a u₂-ma-a GIŠ.MI LUGAL be-li₂-ia NINDA-MEŠ-ka a-kul,,,P224485,42
40,P224485.43,r 41,mû[water]N šatû[drink]V mā[saying]PRP libbu[interior]N lū[may]MOD ṭābu[good]AJ,A-MEŠ-ka ši-ti ma-a ŠA₃-ka lu DUG₃.GA-ka,,,P224485,43
41,P224485.44,r 42,mā[saying]PRP niqittu[anxiety]N ištu[from]PRP pānu[front]N Muskaya[Phrygian]EN lū[may]MOD laššu[(there)-is-not]V,ma-a ni-kit-ta-ka TA@v pa-an {KUR}mus-ka-a.a lu la-aš₂-šu₂,,,P224485,44
42,P224485.45,r 43,ša[that]REL šapāru[send]V mā[saying]PRP Urpalaʾa[1]PN ina[in]PRP muhhu[skull]N ša[that]REL Atunnaya[1]EN,ša taš-pur-an-ni ma-a {1}ur-pala-a ina UGU ša {URU}a-tu₂-na-a.a,,,P224485,45
43,P224485.46,r 44,Istuandaya[1]EN alāku[go]V ālu[city]N,{URU}is-tu-an-da-a.a il-lik-u₂-ni URU-MEŠ-ni,,,P224485,46
44,P224485.47,r 45,ša[of]DET Bit-Purutaš[1]GN puāgu[take-away-forcibly-from]V x+x[NA]NA x+x[NA]NA x[NA]NA x[NA]NA,ša E₂-{1}pa-ru-ta i-pu-gu-šu₂-ni x+x x+x x x,,,P224485,47
45,P224485.48,r 46,ištu[from]PRP muhhu[skull]N šarru[king]N bēlu[lord]N x[NA]NA x[NA]NA x[NA]NA di[NA]NA x[NA]NA annûri[now]AV,TA@v UGU LUGAL be-li₂-ia x x x di x an-nu-rig,,,P224485,48
46,P224485.49,r 47,Muskaya[Phrygian]EN išti[with]PRP salāmu[be(come)-at-peace]V kaʾādu[(meaning-unknown)]V,{KUR}mus-ka-a.a is-si-ni is-si-lim ik-ti-ii-di,,,P224485,49
47,P224485.50,r 48,šarru[king]N ša[of]DET Tabalu[Tabal]GN gabbu[totality]N mīnu[what?]QP hurri[ever-(after)]AV,MAN-MEŠ-ni ša {KUR}ta-ba-li gab-bu mi₃-i-nu ah-hur,,,P224485,50
48,P224485.51,r 49,epēšu[do]V atta[you]IP ištu[from]PRP annaka[here]AV Muskaya[Phrygian]EN ištu[from]PRP ammaka[there]AV,ep-pu-šu at-ta TA@v na-ka {KUR}mus-ka-a.a TA@v ma-ka,,,P224485,51
49,P224485.52,r 50,mazāʾu[press]V basi[soon]AV atta[you]IP ebīhu[(a-rope-or-girdle)]N ina[in]PRP libbu[interior]N,tu-ma-za-aʾ-šu₂-nu ba-si at-ta e-bi-ih-ka ina ŠA₃-bi-šu₂-nu,,,P224485,52
50,P224485.53,r 51,rakāsu[bind]V annûri[now]AV Aššur[1]DN Šamaš[1]DN Bel[1]DN u[and]CNJ Nabu[1]DN,ta-rak-kas an-nu-rig aš-šur {d}ša₂-maš EN u {d}PA,,,P224485,53
51,P224485.54,r 52,ilu[god]N epēšu[do]V mātu[land]N annû[this]DP ina[in]PRP šaplu[underside]N šēpu[foot]N,DINGIR-MEŠ-ia e-tap-šu₂ KUR ha-an-ni-tu₂ ina KI.TA GIR₃.2-ka,,,P224485,54
52,P224485.55,r 53,kabāsu[tread]V kī[like]PRP libbu[interior]N dâlu[move]V,ta-at-tak-ba-as ki-i ŠA₃-bi-ka du-u₂-lu,,,P224485,55
53,P224485.56,r 54,mīnu[what?]QP ša[that]REL dullu[trouble]N epēšu[do]V arku[long]AJ batāqu[cut-off]V,mi-i-nu ša dul-la-ka-ni e-pu-uš ar-ku bu-tu-qu,,,P224485,56
54,P224485.57,r 55,kurû[short]AJ arāku[be(come)-long]V adi[until]PRP bītu[house]N anāku[I]IP alāku[go]V,ku-ri-u₂ le-e-rik a-du be₂-et ana-ku al-lak-an-ni,,,P224485,57
55,P224485.58,r 56,dullu[trouble]N x+x[NA]NA x+x[NA]NA x[NA]NA x-u₂-ni[NA]NA tadānu[give]V,dul-lu x+x x+x x x-u₂-ni ad-da-na-kan-ni,,,P224485,58
56,P224485.59,r 57,ina[in]PRP muhhu[skull]N Balassu[1]PN ša[that]REL šapāru[send]V dibbu[words]N gabbu[totality]N šemû[hear]V,ina UGU {1}ba-la-su ša taš-pur-an-ni dib-bi-šu gab-bu a-se-me,,,P224485,59
57,P224485.60,r 58,ūmu[day]N ša[that]REL egertu[inscribed-tablet]N annû[this]DP amāru[see]V māru[son]N kūm[instead-of]PRP,UD-mu ša e-gir₂-tu₂ an-ni-tu₂ ta-am-mar-u-ni DUMU-šu₂ ku-mu-šu₂,,,P224485,60
58,P224485.61,r 59,ina[in]PRP muhhu[skull]N ṣābu[people]N paqādu[entrust]V nišu[people]N lū[may]MOD kunnušu[assembled]AJ lū[may]MOD kamsu[squatting]AJ,ina UGU ERIM-MEŠ-šu₂ pi-qid UN-MEŠ-šu₂ lu kan-nu-šu₂ lu kam-mu-su,,,P224485,61
59,P224485.62,r 60,šumma[if]MOD libbu[interior]N šadû[mountain]N nabalkutu[cross-over]V ašābu[sit-(down)]V,šum-ma lib-bu-šu₂ KUR-u₂ lu-ša₂-bal-ki-ta lu-še-šib-šu₂-nu,,,P224485,62
60,P224485.63,r 61,ūla[or]AV annaka[here]AV lū[may]MOD kamsu[squatting]AJ ana[to]PRP šâšu[him]IP,u₂-la-a ha-na-ka-ma lu kam-mu-su a-na ša₂-a-šu₂,,,P224485,63
61,P224485.64,r 62,tašlīšu[third-man-on-chariot]N ištēn[one]NU ana[to]PRP kallû[express-messenger]N matāhu[lift]V,{LU₂}03.U₅-ka 01-en a-na kal-li-e li-in-tu-ha-aš₂-šu₂,,,P224485,64
62,P224485.65,r 63,alāku[go]V dibbu[words]N ṭābu[good]AJ išti[with]PRP dabābu[speak]V,lil-li-ka dib-bi DUG₃.GA-MEŠ is-si-šu₂ la-ad-bu-ub,,,P224485,65
63,P224485.66,r 64,libbu[interior]N šakānu[put]V basi[soon]AV šapāru[send]V nišu[people]N,lib-bu la-aš₂-kun-šu₂ ba-si a-šap-pa-ra UN-MEŠ-šu₂,,,P224485,66
64,P224485.67,r 65,ša[that]REL annaka[here]AV sahāru[go-around]V alāku[go]V ina[in]PRP bītu[house]N,ša ha-na-ka u₂-sa-har-u₂-ni il-lak ina E₂-šu₂,,,P224485,67
65,P224485.68,r 66,erēbu[enter]V Aplaya[1]PN šūtu[he]IP adi[until]PRP nišu[people]N,e-rab {1}DUMU.UŠ-ia šu-tu₂ a-du UN-MEŠ-šu₂,,,P224485,68
66,P224485.69,r 67,māru[son]N šipru[sending]N adi[until]PRP muhhu[skull]N wabālu[bring]V,{LU₂}A-KIN-ka {LU₂}A-KIN-ka a-du UGU-hi-ia lu-bi-la-šu₂-nu,,,P224485,69
67,P224485.70,r 68,lū[may]MOD māru[son]N Babili[Babylon]GN lū[may]MOD māru[son]N Barsip[Borsippa]GN,lu DUMU-MEŠ-KA₂.DINGIR{KI} DUMU-MEŠ-KA₂.DINGIR{KI} lu-u DUMU-BAR₂.SIPA{KI} DUMU-BAR₂.SIPA{KI},,,P224485,70
68,P224485.71,r 69,lū[may]MOD Kišaya[from-Kiš]EN lū[may]MOD Nippuraya[Nippurean]EN,lu-u KIŠ{KI}-a.a lu EN.LIL₂{KI}-a.a,,,P224485,71
69,P224485.72,r 70,lū[may]MOD Urukaya[Urukean]EN lū[may]MOD Deraya[from-Der]EN,lu {URU}UNUG{KI}-a.a lu {KUR}BAD₃.DINGIR{KI}-a.a,,,P224485,72
70,P224485.73,r 71,lū[may]MOD,lu,,,P224485,73
71,P313425.2,o 1,ana[to]PRP šarru[king]N bēlu[lord]N,a-na LUGAL EN-ia,,,P313425,2
72,P313425.3,o 2,ardu[slave]N Bel-liqbi[1]PN,ARAD-ka {1}EN-liq-bi,,,P313425,3
73,P313425.4,o 3,lū[may]MOD šulmu[completeness]N ana[to]PRP šarru[king]N bēlu[lord]N,lu DI-mu a-na LUGAL EN-ia,,,P313425,4
74,P313425.5,o 4,mātu[land]N nagû[region]N ša[of]DET šarru[king]N šulmu[completeness]N,{KUR}ma-a-tu₂ {KUR}na-gi-u ša LUGAL DI-mu,,,P313425,5
75,P313425.6,o 5,Arbaya[Arab]EN ina[in]PRP battu[side]N ammiu[that]DP,{LU₂}ar-ba-a.a ina bat-ti am-mi-te,,,P313425,6
76,P313425.7,o 6,ša[of]DET Hadina[1]WN šaknu[placed]AJ erēbu[enter]V,ša {ID₂}ha-di-na šak-nu e-ru-bu,,,P313425,7
77,P313425.8,o 7,ina[in]PRP libbu[interior]N x[NA]NA imeru[(meaning-unclear)]N aṣû[go-out]V,ina ŠA₃ x i-me-ru u₂-ṣu-u,,,P313425,8
78,P313425.9,o 8,šulmu[completeness]N adanniš[very-much]AV ikkaru[farmer]N nukaribbu[gardener]N,DI-mu a-dan-niš {LU₂}ENGAR {LU₂}NU.GIŠ.SAR,,,P313425,9
79,P313425.10,o 9,ša[of]DET Ammi-leti[1]PN māru[son]N Amiru[1]PN,ša {1}a-mi-li-iʾ-ti DUMU {1}a-me-ri,,,P313425,10
80,P313425.11,o 10,ištu[from]PRP libbu[interior]N ālu[city]N kašādu[reach]V,TA@v ŠA₃ URU-MEŠ-ia uk-ta-ši-di,,,P313425,11
81,P313425.12,o 11,x[NA]NA x-tu₂[NA]NA šī[she]IP ša[of]DET immeru[sheep]N ša[that]REL raṣāpu[build]V,x x-tu₂ ši-i ša UDU-MEŠ ša ir-ṣip-u-ni,,,P313425,12
82,P313425.13,o 12,mugguru[tear-down]V ūma[today]AV šū[he]IP alāku[go]V,un-ta-gir₂ u₂-ma-a šu-u₂ i-tal-ka,,,P313425,13
83,P313425.14,o 13,mā[saying]PRP atā[why?]QP ardu[slave]N elû[go-up]V,ma a-ta-a {LU₂}ARAD-ME-ia tu₂-še-li,,,P313425,14
84,P313425.15,o 14,mā[saying]PRP ina[in]PRP ēkallu[palace]N šapāru[send]V anāku[I]IP tēgirtu[negotiation?]N,ma-a ina E₂.GAL a-ša₂-pa-ra a-na-ku te-gir₂-tu₂,,,P313425,15
85,P313425.16,o 15,šakānu[put]V muk[saying]PRP ardu[slave]N ana[to]PRP ardu[slave]N,a-sa-kan mu-ku {LU₂}ARAD-MEŠ-ka a-na {LU₂}ARAD-MEŠ-ia,,,P313425,16
86,P313425.17,o 16,hesû[cover-up]V muk[saying]PRP ištu[from]PRP maṣû[correspond]V ardu[slave]N,ih-ta-sa-ʾu mu-ku TA@v ma-ṣi {LU₂}ARAD,,,P313425,17
87,P313425.18,o 17,ša[of]DET šarru[king]N atta[you]IP muk[saying]PRP eqlu[field]N kirû[garden]N,ša LUGAL at-ta-ni mu-ku A.ŠA₃.GA {GIŠ}SAR,,,P313425,18
88,P313425.19,o 18,ina[in]PRP Yasubuqu[1]GN tadānu[give]V ṣabātu[seize]V,ina {KUR}ia-su-bu-qi la-di-na-ka ṣa-bat,,,P313425,19
89,P313425.20,o 19,šumma[if]MOD ina[in]PRP muhhu[skull]N šarru[king]N bēlu[lord]N šapāru[send]V,šum-ma ina UGU LUGAL EN-ia i-ša₂-pa-ra,,,P313425,20
90,P313425.21,o 20,šarru[king]N bēlu[lord]N wadû[know]V ša[that]REL šarru[king]N bēlu[lord]N šapāru[send]V,LUGAL be-li₂ lu-u-da ša LUGAL be-li₂ iš-pur-a-ni,,,P313425,21
91,P313425.22,o 21,mā[saying]PRP Huzaza[1]GN ana[to]PRP ālu[city]N tamkāru[merchant]N,ma-a {URU}hu-za-za a-na URU {LU₂}DAM.QAR,,,P313425,22
92,P313425.23,o 22,epēšu[do]V mā[saying]PRP parzillu[iron]N nišu[people]N ana[to]PRP,te-ta-ap-ša₂ ma-a AN.BAR UN-MEŠ a-na,,,P313425,23
93,P313425.24,o 23,Arbaya[Arab]EN ina[in]PRP kaspu[silver]N tadānu[give]V,{LU₂}ar-ba-a.a ina kas-pi i-tan-di-nu,,,P313425,24
94,P313425.25,o 24,mannu[who?]QP šunu[they]IP tamkāru[merchant]N ša[that]REL ina[in]PRP libbu[interior]N,man-nu šu-nu {LU₂}DAM.QAR-ME ša ina ŠA₃-bi,,,P313425,25
95,P313425.26,o 25,tadānu[give]V 03[NA]NA ṣābu[people]N puršumu[old-(man)]N,i-di-nu-ni 03 ERIM-ME {LU₂}AB.BA-ME,,,P313425,26
96,P313425.28,b.e. 26,ša[of]DET ʾAtaya[ʾAtean]EN ina[in]PRP libbu[interior]N x+x[NA]NA x[NA]NA,ša {KUR}ʾa-ta-a.a ina ŠA₃-bi x+x x,,,P313425,28
97,P313425.29,b.e. 27,ishunnatu[bunch-of-grapes]N lū[may]MOD 20[NA]NA lū[may]MOD 30[NA]NA imēru[unit]N,{GIŠ}KIN.GEŠTIN-MEŠ lu 20 lu 30 ANŠE,,,P313425,29
98,P313425.30,b.e. 28,ammar[as-much-as]REL erēbu[enter]V kullu[hold]V,a-mar nu-še-rab-u-ni u₂-ka-lu,,,P313425,30
99,P313425.31,b.e. 29,ana[to]PRP Arbaya[Arab]EN tadānu[give]V,a-na {LU₂}ar-ba-a.a i-du-nu,,,P313425,31
100,P313425.33,r 1,anāku[I]IP parzillu[iron]N ana[to]PRP hubtu[robbery]N,a-na-ku AN.BAR a-na {LU₂}hu-ub-ti-ma,,,P313425,33
101,P313425.34,r 2,erû[copper]N ana[to]PRP Arbaya[Arab]EN tadānu[give]V,e-ra a-na {LU₂}ar-ba-a.a a-da-an,,,P313425,34
102,P313425.35,r 3,ilu[god]N ša[of]DET šarru[king]N bēlu[lord]N šumma[if]MOD ina[in]PRP Ṣupat[1]GN,DINGIR-MEŠ ša LUGAL EN šum₂-ma ina {URU}ṣu-pi-te,,,P313425,35
103,P313425.36,r 4,lā[not]MOD karku[rolled]AJ 30[NA]NA imēru[unit]N ishunnatu[bunch-of-grapes]N,la ka-ra-ku-u-ni 30 ANŠE {GIŠ}KIN.GEŠTIN-MEŠ,,,P313425,36
104,P313425.37,r 5,ina[in]PRP Huzaza[1]GN ina[in]PRP kaspu[silver]N tadānu[give]V ina[in]PRP muhhu[skull]N,ina {URU}hu-za-za ina kas-pi a-ti-din ina UGU,,,P313425,37
105,P313425.38,r 6,annû[this]DP šarru[king]N bēlu[lord]N ina[in]PRP qātu[hand]N buʾʾû[look-for]V,an-ni-ti LUGAL be-li₂ ina ŠU.2-ia lu-ba-ʾi,,,P313425,38
106,P313425.39,r 7,ištēn[one]NU mākisu[tax-collector]N ina[in]PRP abullu[(city)-gate]N ša[of]DET Ṣupat[1]GN,01-en {LU₂}ma-ki-su ina a-bul-li ša {URU}ṣu-pat,,,P313425,39
107,P313425.40,r 8,šakānu[put]V ūma[today]AV šanû[(an)other]AJ ina[in]PRP Huzaza[1]GN,i-sa-ka-nu u₂-ma-a {LU₂}02-u₂ ina {URU}hu-za-za,,,P313425,40
108,P313425.41,r 9,šakānu[put]V Arbaya[Arab]EN aṣû[go-out]V ina[in]PRP libbu[interior]N,i-sa-ka-nu {LU₂}ar-ba-a.a u₂-ṣu ina ŠA₃-bi,,,P313425,41
109,P313425.42,r 10,lā[not]MOD alāku[go]V qarāru[writhe]V anāku[I]IP,la-a i-la-ku-u-ni ig-du-ru a-na-ku,,,P313425,42
110,P313425.43,r 11,ammar[as-much-as]REL mākisu[tax-collector]N išti[with]PRP šarru[king]N bēlu[lord]N,a-mar {LU₂}ma-ki-se-e TA@v LUGAL EN-ia,,,P313425,43
111,P313425.44,r 12,lā[not]MOD kīnu[permanent]AJ 01[NA]NA šiqlu[unit]N ṣarpu[silver]N ša[of]DET ilku[state-service]N ina[in]PRP libbu[interior]N,la ke-nak 01 GIN₂ KUG.UD ša il-ki-ia ina ŠA₃-bi,,,P313425,44
112,P313425.45,r 13,agāru[hire]V nagāru[joiner]N ša[that]REL ina[in]PRP Ṣupat[1]GN,a-na-ga-ra {LU₂}NAGAR-MEŠ-ia ša ina {URU}ṣu-pi-te,,,P313425,45
113,P313425.46,r 14,dullu[trouble]N epēšu[do]V halāqu[be(come)-lost]V,dul-lu e-pa-aš₂-u-ni ih-tal-qu-u-ni,,,P313425,46
114,P313425.47,r 15,šarru[king]N bēlu[lord]N šapāru[send]V mā[saying]PRP ina[in]PRP Dur-Šarruken[1]GN,LUGAL be-li₂ i-sa-ap-ra ma-a ina {URU}BAD₃-MAN-GIN,,,P313425,47
115,P313425.48,r 16,sahāru[go-around]V ṣabātu[seize]V arādu[go-down]V,li-is-hu-ru a-ṣa-bat u₂-se-ri-di,,,P313425,48
116,P313425.49,r 17,ištēn[one]NU marāṣu[be(come)-ill]V mītu[dead]AJ ištēn[one]NU sahāru[go-around]V,01-en in-ta-ra-ṣa UŠ₂ 01-en i-su-hur,,,P313425,49
117,P313425.50,r 18,halāqu[be(come)-lost]V šarru[king]N bēlu[lord]N wadû[know]V ummiānu[scholar]N,ih-tal-qa LUGAL be-li₂ u₂-da {LU₂}UM.ME.A-MEŠ,,,P313425,50
118,P313425.51,r 19,ištu[from]PRP pānu[front]N aṣû[go-out]V lā[not]MOD ana[to]PRP batqu[cut-(off)]AJ,TA@v pa-ni-ia i-tu₂-ṣi-u₂ la a-na bat-qi,,,P313425,51
119,P313425.52,r 20,lā[not]MOD ana[to]PRP gumakillu[(a-wooden-item)]N epēšu[do]V,la a-na {GIŠ}gu-ma-ki-li e-pa-a-ši,,,P313425,52
120,P313425.53,r 21,ištu[from]PRP pānu[front]N ramû[slacken]V Abattu[1]PN,TA IGI-ia lu-ra-mi-šu-nu {1}a-ba-tu₂,,,P313425,53
121,P313425.54,r 22,nagāru[joiner]N mugerru[chariot]N Qanni[1]PN nappāhu[smith]N,{LU₂}NAGAR-mu-gir {LU₂}NAGAR-mu-gir {1}qa-ni-e {LU₂}SIMUG,,,P313425,54
122,P313425.55,r 23,ardu[slave]N ša[of]DET {1}EN-MAN-x[NA]NA ina[in]PRP muhhu[skull]N,{LU₂}ARAD-MEŠ-ni ša {1}EN-MAN-x ina UGU-hi-ia,,,P313425,55
123,P313425.56,r 24,alāku[go]V mā[saying]PRP x[NA]NA x[NA]NA x[NA]NA x[NA]NA x[NA]NA x[NA]NA x[NA]NA,i-tal-ku-ni ma-a x x x x x x x,,,P313425,56
124,P313458.2,o 1,ana[to]PRP šarru[king]N bēlu[lord]N ardu[slave]N Hunni[1]PN,a-na LUGAL EN-ia ARAD-ka {1}hu-un-ni-i,,,P313458,2
125,P313458.3,o 2,lū[may]MOD šulmu[completeness]N ana[to]PRP šarru[king]N bēlu[lord]N Nabu[1]DN u[and]CNJ Marduk[1]DN ana[to]PRP šarru[king]N bēlu[lord]N,lu-u šul-mu a-na LUGAL EN-ia₂ {d}AG u {d}AMAR.UTU a-na LUGAL EN-ia₂,,,P313458,3
126,P313458.4,o 3,karābu[pray]V ūmu[day]N rūqu[distant]AJ ṭūbu[goodness]N libbu[interior]N ṭūbu[goodness]N šīru[flesh]N šībūtu[old-age]N littūtu[(extreme)-old-age]N,lik-ru-bu UD-MEŠ SUD-MEŠ ṭu-ub ŠA₃-bi ṭu-ub UZU-MEŠ ši-bu-tu₂ lit-tu₂-tu,,,P313458,4
127,P313458.5,o 4,kakku[stick]N dannu[strong]AJ palû[period-of-office]N arku[long]AJ šattu[year]N ammar[as-much-as]REL ša[that]REL x[NA]NA x[NA]NA x[NA]NA x[NA]NA x[NA]NA,{GIŠ}TUKUL dan-nu BALA GID₂.DA MU.AN.NA-MEŠ am-mar ša x x x x x,,,P313458,5
128,P313458.6,o 5,ana[to]PRP šarru[king]N bēlu[lord]N tadānu[give]V mātu[land]N kalāma[all-(of-it)]N ina[in]PRP šaplu[underside]N šēpu[foot]N,a-na LUGAL EN-ia₂ lid-di-nu KUR.KUR-MEŠ DU₃.A.BI ina KI.TA GIR₃.2-ka,,,P313458,6
129,P313458.7,o 6,kabāsu[tread]V šarru[king]N bēlu[lord]N rēʾû[shepherd]N kīnu[permanent]AJ ina[in]PRP x[NA]NA x[NA]NA x[NA]NA x[NA]NA x[NA]NA,lu-šak-bi-su LUGAL be-li₂ SIPA ke-e-nu ina x x x x x,,,P313458,7
130,P313458.8,o 7,kīniš[reliably]AV reʾû[pasture]V rēʾûtu[shepherdship]N epēšu[do]V,ke-niš li-ir-ta-ʾe-e-ši-na re-ʾu-u-si-na le-pu-uš,,,P313458,8
131,P313458.9,o 8,ṣēnu[flock]N ina[in]PRP muhhu[skull]N ṣēnu[flock]N Aššur[1]DN Bel[1]DN u[and]CNJ Nabu[1]DN redû[accompany]V,ṣe-e-ni ina UGU ṣe-e-ni-ka aš-šur d.EN u {d}PA lu-rad-di-u,,,P313458,9
132,P313458.10,o 9,tadānu[give]V tarbāṣu[courtyard]N rapšu[wide]AJ šadālu[be(come)-wide]V,lid-di-nu-nik-ka tar-ba-ṣa-ka DAGAL-MEŠ lu-ša₂-an-di-lu,,,P313458,10
133,P313458.11,o 10,nišu[people]N mātu[land]N lū[may]MOD āliku[going]AJ ana[to]PRP pānu[front]N šarru[king]N bēlu[lord]N x[NA]NA x[NA]NA,UN-MEŠ KUR.KUR lu a-lik-u₂-ti a-na IGI-MEŠ-ka LUGAL be-li₂ x x,,,P313458,11
134,P313458.12,o 11,atta[you]IP lū[may]MOD ēkurru[temple]N ša[of]DET šarru[king]N ammar[as-much-as]REL napištu[throat]N ina[in]PRP šaplu[underside]N šēpu[foot]N,at-ta lu-u E₂.KUR ša LUGAL-MEŠ-ni am-mar ZI-MEŠ-šu₂ ina KI.TA GIR₃.2-ka,,,P313458,12
135,P313458.13,o 12,šakānu[put]V u[and]CNJ ṭābtu[goodness]N naṣāru[guard]V ilu[god]N ana[to]PRP rēmu[womb]N,i-ša₂-kan-u-ni u₃ MUN-ka i-na-ṣar-u-ni DINGIR-MEŠ-ka ana re-e-me,,,P313458,13
136,P313458.14,o 13,ina[in]PRP pānu[front]N šakānu[put]V kī[as-like]PRP ša[of]DET ūmu[day]N annû[this]DP labāšu[clothe-o.s.]V karābu[pray]V,ina IGI-ka i-ša₂-ku-nu-šu₂ ki-i ša₂ UD-me an-ni-i tu-lab-ba-aš₂ ta-kar-rab-šu₂,,,P313458,14
137,P313458.15,o 14,lā[not]MOD naṣru[guarded]AJ ṭābtu[goodness]N ina[in]PRP kippu[loop]N huhāru[bird-snare]N ša[of]DET Aššur[1]DN maqātu[fall]V o[NA]NA,la na-ṣir MUN-ka ina kip-pi hu-ha-ri ša₂ aš-šur i-ma-qut o,,,P313458,15
138,P313458.16,o 15,x[NA]NA x[NA]NA si[NA]NA x+x[NA]NA x-a-ti[NA]NA bābu[gate]N u₂-ša₂-an-x[NA]NA x[NA]NA,x x si x+x x-a-ti KA₂-MEŠ-ka u₂-ša₂-an-x x,,,P313458,16
139,P313458.17,,,,n,line,P313458,17
140,P313458.18,o 16,dullu[trouble]N ša[that]REL šarru[king]N šapāru[send]V šūtu[he]IP ina[in]PRP šiāru[morning]N epēšu[do]V,dul-lu ša LUGAL iš-pur-an-ni šu-u-tu₂ ina ši-a-ri ne₂-pa-aš₂,,,P313458,18
141,P313458.23,r 1,adi[until]PRP 04[NA]NA ūmu[day]N simānu[(right)-occasion]N,a-di 04 UD-MEŠ si-mu-nu,,,P313458,23
142,P313458.24,r 2,u₂-qar-x[NA]NA x[NA]NA mā[saying]PRP simānu[(right)-occasion]N,u₂-qar-x x ma-a si-mu-nu,,,P313458,24
143,P313458.26,r 3,ana[to]PRP 01[NA]NA ūmu[day]N qerēbu[approach]V ūmu[day]N 14-KAM₂[NA]NA te-x-tu₂[NA]NA o[NA]NA,a-na 01 UD-me ni-qar-rib UD 14-KAM₂ te-x-tu₂ o,,,P313458,26
144,P313458.27,r 4,ūmu[day]N 15-KAM₂[NA]NA ina[in]PRP bītu[house]N ilu[god]N biātu[spend-the-night]V o[NA]NA,UD 15-KAM₂ ina E₂-DINGIR E₂-DINGIR ni-bi-ad o,,,P313458,27
145,P313458.28,r 5,ūma[today]AV ina[in]PRP mati[when?]QP šarru[king]N qabû[say]V x[NA]NA x[NA]NA x[NA]NA,u₂-ma-a im-mat im-mat LUGAL i-qab-bu-u-ni x x x,,,P313458,28
146,P313458.30,r 6,ina[in]PRP muhhu[skull]N ramāku[bathing]N ša[of]DET pû[mouth]N u₂-x[NA]NA x[NA]NA x[NA]NA x[NA]NA,ina UGU ra-ma-ki-ša-KA ra-ma-ki-ša-KA ra-ma-ki-ša-KA u₂-x x x x,,,P313458,30
147,P313458.31,r 7,li-x-lik[NA]NA ina[in]PRP pa[NA]NA x[NA]NA x[NA]NA x[NA]NA x[NA]NA,li-x-lik ina pa x x x x,,,P313458,31
148,P313644.3,o 1',x[NA]NA x[NA]NA x[NA]NA x[NA]NA x[NA]NA x[NA]NA x[NA]NA x[NA]NA x[NA]NA x[NA]NA x[NA]NA x[NA]NA x[NA]NA x[NA]NA x[NA]NA x[NA]NA x[NA]NA x[NA]NA x[NA]NA x[NA]NA,x x x x x x x x x x x x x x x x x x x x,,,P313644,3
149,P313644.4,o 2',ša[NA]NA x[NA]NA x[NA]NA x[NA]NA x[NA]NA x[NA]NA x[NA]NA x[NA]NA x[NA]NA x[NA]NA x[NA]NA x[NA]NA x[NA]NA x[NA]NA x[NA]NA x[NA]NA x[NA]NA x[NA]NA x[NA]NA x[NA]NA,ša x x x x x x x x x x x x x x x x x x x,,,P313644,4
150,P313644.5,o 3',u₂[NA]NA x[NA]NA x[NA]NA x[NA]NA x[NA]NA x[NA]NA x[NA]NA x[NA]NA x[NA]NA x[NA]NA x[NA]NA x[NA]NA x[NA]NA x[NA]NA x[NA]NA x[NA]NA x[NA]NA x[NA]NA x[NA]NA x[NA]NA,u₂ x x x x x x x x x x x x x x x x x x x,,,P313644,5
151,P313644.6,o 4',x[NA]NA x[NA]NA x[NA]NA x[NA]NA x[NA]NA x[NA]NA x[NA]NA x[NA]NA x[NA]NA x[NA]NA x[NA]NA x[NA]NA x[NA]NA x[NA]NA,x x x x x x x x x x x x x x,,,P313644,6
152,P313644.7,o 5',x[NA]NA x[NA]NA x[NA]NA x[NA]NA x[NA]NA x[NA]NA x[NA]NA x[NA]NA x[NA]NA x[NA]NA x[NA]NA x[NA]NA x[NA]NA x[NA]NA,x x x x x x x x x x x x x x,,,P313644,7
153,P313644.8,o 6',x[NA]NA x[NA]NA x[NA]NA x[NA]NA x[NA]NA x[NA]NA x[NA]NA x[NA]NA x[NA]NA x[NA]NA x[NA]NA x[NA]NA x[NA]NA x[NA]NA,x x x x x x x x x x x x x x,,,P313644,8
154,P313644.9,o 7',šu[NA]NA x[NA]NA x[NA]NA x[NA]NA x[NA]NA x[NA]NA x[NA]NA x[NA]NA x[NA]NA x[NA]NA x[NA]NA x[NA]NA x[NA]NA x[NA]NA x[NA]NA x[NA]NA x[NA]NA x[NA]NA x[NA]NA x[NA]NA x[NA]NA,šu x x x x x x x x x x x x x x x x x x x x,,,P313644,9
155,P313644.10,o 8',x[NA]NA x[NA]NA x[NA]NA x[NA]NA x[NA]NA x[NA]NA x[NA]NA x[NA]NA x[NA]NA x[NA]NA x[NA]NA x[NA]NA x[NA]NA x[NA]NA x[NA]NA x[NA]NA x[NA]NA x[NA]NA x[NA]NA x[NA]NA x[NA]NA,x x x x x x x x x x x x x x x x x x x x x,,,P313644,10
156,P313644.11,o 9',ša[NA]NA x[NA]NA x[NA]NA x[NA]NA x[NA]NA x[NA]NA x[NA]NA x[NA]NA x[NA]NA x[NA]NA x[NA]NA x[NA]NA x[NA]NA x[NA]NA x[NA]NA x[NA]NA x[NA]NA x[NA]NA x[NA]NA x[NA]NA x[NA]NA,ša x x x x x x x x x x x x x x x x x x x x,,,P313644,11
157,P313644.12,o 10',kī[like]PRP x[NA]NA x[NA]NA x[NA]NA x[NA]NA x[NA]NA x[NA]NA x[NA]NA x[NA]NA x[NA]NA x[NA]NA x[NA]NA x[NA]NA x[NA]NA x[NA]NA x[NA]NA x[NA]NA x[NA]NA x[NA]NA,ki-i x x x x x x x x x x x x x x x x x x,,,P313644,12
158,P313644.13,o 11',ša[NA]NA x[NA]NA x[NA]NA x[NA]NA x[NA]NA x[NA]NA x[NA]NA x[NA]NA x[NA]NA x[NA]NA x[NA]NA x[NA]NA x[NA]NA x[NA]NA x[NA]NA x[NA]NA x[NA]NA x[NA]NA x[NA]NA x[NA]NA x[NA]NA,ša x x x x x x x x x x x x x x x x x x x x,,,P313644,13
159,P313644.14,o 12',ša[that]REL šapāru[send]V mā[saying]PRP x[NA]NA x[NA]NA x[NA]NA x[NA]NA x[NA]NA x[NA]NA x[NA]NA x[NA]NA x[NA]NA x[NA]NA x[NA]NA x[NA]NA x[NA]NA,ša taš-pur-an-ni ma-a x x x x x x x x x x x x x,,,P313644,14
160,P313644.15,o 13',a-bi-x[NA]NA x[NA]NA x[NA]NA x[NA]NA x[NA]NA x[NA]NA x[NA]NA x[NA]NA x[NA]NA x[NA]NA x[NA]NA x[NA]NA x[NA]NA x[NA]NA x[NA]NA x[NA]NA x[NA]NA x[NA]NA x[NA]NA,a-bi-x x x x x x x x x x x x x x x x x x x,,,P313644,15
161,P313644.16,o 14',ša[that]REL šapāru[send]V mā[saying]PRP x[NA]NA x[NA]NA x[NA]NA x[NA]NA x[NA]NA x[NA]NA x[NA]NA x[NA]NA x[NA]NA x[NA]NA x[NA]NA x[NA]NA x[NA]NA,ša taš-pur-an-ni ma-a x x x x x x x x x x x x x,,,P313644,16
162,P313644.17,o 15',ina[in]PRP ša-šēpi[(kingʾs)-personal-guard]N x+x[NA]NA x[NA]NA x[NA]NA x[NA]NA x[NA]NA x[NA]NA x[NA]NA x[NA]NA x[NA]NA x[NA]NA x[NA]NA x[NA]NA x[NA]NA x[NA]NA x[NA]NA,ina {LU₂}ša₂-GIR₃.2 x+x x x x x x x x x x x x x x x,,,P313644,17
163,P313644.18,o 16',ša[NA]NA x+x[NA]NA x[NA]NA x[NA]NA x[NA]NA x[NA]NA x[NA]NA x[NA]NA x[NA]NA x[NA]NA x[NA]NA x[NA]NA x[NA]NA x[NA]NA x[NA]NA x[NA]NA x[NA]NA x[NA]NA x[NA]NA,ša x+x x x x x x x x x x x x x x x x x x,,,P313644,18
164,P313644.19,o 17',x[NA]NA x[NA]NA x[NA]NA x[NA]NA x[NA]NA x[NA]NA x[NA]NA x[NA]NA x[NA]NA x[NA]NA x[NA]NA x[NA]NA x[NA]NA x[NA]NA x[NA]NA x[NA]NA x[NA]NA x[NA]NA x[NA]NA x[NA]NA,x x x x x x x x x x x x x x x x x x x x,,,P313644,19
165,P313644.20,o 18',x[NA]NA x[NA]NA x[NA]NA x[NA]NA x[NA]NA x[NA]NA x[NA]NA x[NA]NA x[NA]NA x[NA]NA x[NA]NA x[NA]NA x[NA]NA x[NA]NA x[NA]NA x[NA]NA x[NA]NA x[NA]NA x[NA]NA x[NA]NA,x x x x x x x x x x x x x x x x x x x x,,,P313644,20
166,P313644.21,o 19',x[NA]NA x[NA]NA x[NA]NA x[NA]NA x[NA]NA x-ka[NA]NA ana[to]PRP mīnu[what?]QP x[NA]NA x[NA]NA x[NA]NA x[NA]NA x[NA]NA x[NA]NA x[NA]NA x[NA]NA,x x x x x x-ka a-na mi-i-ni x x x x x x x x,,,P313644,21
167,P313644.22,o 20',x[NA]NA x[NA]NA x[NA]NA ahu[arm]N ina[in]PRP libbu[interior]N Manna[Mannea]GN wabālu[bring]V x[NA]NA x[NA]NA x[NA]NA x[NA]NA,x x x A₂.2-ka ina ŠA₃ {KUR}man-na-a.a tu-bil x x x x,,,P313644,22
168,P313644.23,o 21',x[NA]NA x[NA]NA x[NA]NA ṭābtu[goodness]N annû[this]DP x[NA]NA x[NA]NA x[NA]NA x[NA]NA x[NA]NA x[NA]NA x[NA]NA x[NA]NA x[NA]NA x[NA]NA x[NA]NA,x x x ṭa-ab-tu an-ni-tu x x x x x x x x x x x,,,P313644,23
169,P313644.24,o 22',x[NA]NA x[NA]NA x[NA]NA x+x-šu₂[NA]NA e-pu-šu₂-x[NA]NA x[NA]NA x[NA]NA x[NA]NA x[NA]NA x[NA]NA x[NA]NA x[NA]NA x[NA]NA x[NA]NA x[NA]NA x[NA]NA,x x x x+x-šu₂ e-pu-šu₂-x x x x x x x x x x x x,,,P313644,24
170,P313644.26,b.e. 23',x[NA]NA x[NA]NA x[NA]NA x[NA]NA x[NA]NA x[NA]NA x[NA]NA x[NA]NA x[NA]NA x[NA]NA x[NA]NA x[NA]NA x[NA]NA x[NA]NA x[NA]NA x[NA]NA x[NA]NA x[NA]NA x[NA]NA x[NA]NA x[NA]NA,x x x x x x x x x x x x x x x x x x x x x,,,P313644,26
171,P313644.27,b.e. 24',x[NA]NA x[NA]NA x[NA]NA x[NA]NA x[NA]NA x[NA]NA x[NA]NA x[NA]NA x[NA]NA x[NA]NA x[NA]NA x[NA]NA x[NA]NA x[NA]NA x[NA]NA x[NA]NA x[NA]NA x[NA]NA x[NA]NA x[NA]NA,x x x x x x x x x x x x x x x x x x x x,,,P313644,27
172,P313644.28,b.e. 25',x[NA]NA x[NA]NA x[NA]NA ša[that]REL qabû[say]V mā[saying]PRP anāku[I]IP x[NA]NA x[NA]NA x[NA]NA x[NA]NA x[NA]NA x[NA]NA x[NA]NA,x x x ša taq-bu-u-ni ma-a a-na-ku x x x x x x x,,,P313644,28
173,P313644.29,b.e. 26',x[NA]NA x[NA]NA x[NA]NA x[NA]NA ša[of]DET Manna[Mannea]GN x[NA]NA x[NA]NA x[NA]NA x[NA]NA x[NA]NA x[NA]NA,x x x x ša {KUR}man-na-a.a x x x x x x,,,P313644,29
174,P313644.31,r 1,bašû[exist]V ardu[slave]N ša[that]REL lā[not]MOD ina[in]PRP muhhu[skull]N x[NA]NA x[NA]NA x[NA]NA x[NA]NA x[NA]NA,i-ba-aš₂-ši {LU₂}ur-du-u₂ ša la ina UGU x x x x x,,,P313644,31
175,P313644.35,r 5,ina[in]PRP muhhu[skull]N pīhātu[responsibility]N annû[this]DP ša[that]REL šapāru[send]V mā[saying]PRP x[NA]NA x[NA]NA x[NA]NA x[NA]NA x[NA]NA x[NA]NA x[NA]NA x[NA]NA,ina UGU {LU₂}EN.NAM-ka an-ni-u₂ ša taš-pur-an-ni ma-a x x x x x x x x,,,P313644,35
176,P313644.36,r 6,pīhātu[responsibility]N šū[he]IP mā[saying]PRP kī[like]PRP šemû[hear]V mā[saying]PRP x[NA]NA x[NA]NA x[NA]NA x[NA]NA x[NA]NA x[NA]NA x[NA]NA x[NA]NA x[NA]NA x[NA]NA x[NA]NA,{LU₂}EN.NAM šu-u₂ ma-a ki-i iš-mu-u₂-ni ma-a x x x x x x x x x x x,,,P313644,36
177,P313644.37,r 7,rīqu[empty]AJ mā[saying]PRP halāqu[be(come)-lost]V mā[saying]PRP alāku[go]V šēpu[foot]N ša[of]DET šarru[king]N Mat-Aššur[Assyria]GN ṣabātu[seize]V,ra-qu-u₂-ni ma-a ih-tal-qa ma-a lal-lik GIR₃.2-MEŠ ša LUGAL KUR-aš-šur{KI} la-aṣ-bat,,,P313644,37
178,P313644.38,r 8,ina[in]PRP Mat-Aššur[Assyria]GN annû[this]DP ana[to]PRP turtānūtu[position-of-commander-in-chief]N šakānu[put]V x[NA]NA x[NA]NA x[NA]NA x[NA]NA x[NA]NA x[NA]NA x[NA]NA x[NA]NA x[NA]NA x[NA]NA x[NA]NA x[NA]NA,ina KUR-aš-šur{KI} an-ni-u₂ a-na {LU₂}tur-ta-nu-ti a-sa-kan x x x x x x x x x x x x,,,P313644,38
179,P313644.39,r 9,ša[of]DET ūmu[day]N ina[in]PRP bītu[house]N sinništu[woman]N lā[not]MOD mâtu[die]V ša[that]REL ni-x[NA]NA x[NA]NA x[NA]NA x[NA]NA x[NA]NA x[NA]NA x[NA]NA x[NA]NA x[NA]NA x[NA]NA x[NA]NA,ša UD-mu ina E₂-MI₂-MEŠ E₂-MI₂-MEŠ la i-mut-tu-u₂ ša ni-x x x x x x x x x x x,,,P313644,39
180,P313644.40,r 10,bārtu[rebellion]N ina[in]PRP muhhu[skull]N epēšu[do]V lā[not]MOD šalāmu[be(come)-healthy]V šu-x[NA]NA x[NA]NA x[NA]NA x[NA]NA x[NA]NA x[NA]NA x[NA]NA x[NA]NA x[NA]NA x[NA]NA x[NA]NA,bar-tu ina UGU-hi-ka e-pu-šu₂-ni la iš-li-ma šu-x x x x x x x x x x x,,,P313644,40
181,P313644.41,r 11,māru[son]N Inurta-belu-uṣur[1]PN ina[in]PRP kussû[chair]N ina[in]PRP kūm[instead-of]PRP ašābu[sit-(down)]V x[NA]NA x[NA]NA x[NA]NA x[NA]NA x[NA]NA x[NA]NA x[NA]NA x[NA]NA x[NA]NA x[NA]NA,DUMU {1}{d}MAŠ-EN-PAB ina {GIŠ}GU.ZA ina ku-mu-uš-šu₂ tu-se-šib x x x x x x x x x x,,,P313644,41
182,P313644.42,r 12,târu[turn]V tūra[again]AV anāku[I]IP ana[to]PRP annû[this]DP x[NA]NA x[NA]NA x[NA]NA x[NA]NA x[NA]NA x[NA]NA x[NA]NA x[NA]NA x[NA]NA x[NA]NA x[NA]NA x[NA]NA,tu-ut-te-re tu-u₂-ra a-na-ku a-na an-ni-u₂ x x x x x x x x x x x x,,,P313644,42
183,P313644.43,r 13,ašābu[sit-(down)]V ša[that]REL šapāru[send]V mā[saying]PRP KUR[NA]NA da[NA]NA šu₂[NA]NA is[NA]NA x[NA]NA x[NA]NA x[NA]NA x[NA]NA x[NA]NA x[NA]NA x[NA]NA x[NA]NA x[NA]NA x[NA]NA x[NA]NA,u₂-še-šab-šu₂ ša taš-pur-an-ni ma-a KUR da šu₂ is x x x x x x x x x x x,,,P313644,43
184,P313644.44,r 14,qabû[say]V šâlu[ask]V mā[saying]PRP hīṭu[error]N ma-x[NA]NA x[NA]NA x[NA]NA x[NA]NA x[NA]NA x[NA]NA x[NA]NA x[NA]NA x[NA]NA x[NA]NA x[NA]NA x[NA]NA,liq-bak-ka a-sa-ʾa-al-šu₂ ma-a hi-ṭa-a-a ma-x x x x x x x x x x x x,,,P313644,44
185,P313644.45,r 15,kinattu[employee]N šapāru[send]V mā[saying]PRP lā[not]MOD x+x[NA]NA x[NA]NA x[NA]NA x[NA]NA x[NA]NA x[NA]NA x[NA]NA x[NA]NA x[NA]NA x[NA]NA x[NA]NA x[NA]NA,{LU₂}ki-na-ta-te-ia is-sap-ra ma-a la x+x x x x x x x x x x x x,,,P313644,45
186,P313644.46,r 16,mā[saying]PRP palāhu[fear]V lā[not]MOD dabābu[speak]V halāqu[be(come)-lost]V x[NA]NA x[NA]NA x[NA]NA x[NA]NA x[NA]NA x[NA]NA x[NA]NA x[NA]NA x[NA]NA x[NA]NA x[NA]NA x[NA]NA x[NA]NA,ma-a ap-ta-lah₃ la ad-bu-ba ah-tal-qa x x x x x x x x x x x x x,,,P313644,46
187,P313644.47,r 17,ša[that]REL šapāru[send]V mā[saying]PRP ina[in]PRP muhhu[skull]N ša[that]REL qabû[say]V x[NA]NA x[NA]NA x[NA]NA x[NA]NA x[NA]NA x[NA]NA x[NA]NA x[NA]NA x[NA]NA x[NA]NA x[NA]NA,ša taš-pur-an-ni ma-a ina UGU ša aq-ba-aš₂-šu-ni x x x x x x x x x x x,,,P313644,47
188,P313644.48,r 18,x[NA]NA x[NA]NA x+x-ka[NA]NA sahāru[go-around]V tadānu[give]V mā[saying]PRP išti[with]PRP x[NA]NA x[NA]NA x[NA]NA x[NA]NA x[NA]NA x[NA]NA x[NA]NA x[NA]NA x[NA]NA x[NA]NA x[NA]NA x[NA]NA x[NA]NA,x x x+x-ka sa-ah-hi-ir di-i-ni ma-a TA@v x x x x x x x x x x x x x,,,P313644,48
189,P313644.49,r 19,kī[like]PRP annû[this]DP šū[he]IP qabû[say]V kī[like]PRP annû[this]DP x[NA]NA x[NA]NA x[NA]NA x[NA]NA x[NA]NA x[NA]NA x[NA]NA x[NA]NA x[NA]NA x[NA]NA x[NA]NA x[NA]NA x[NA]NA,ki-i an-ni-e šu-u₂ iq-bi-a ki-i an-ni-e x x x x x x x x x x x x x,,,P313644,49
190,P313644.50,r 20,halāqu[be(come)-lost]V mā[saying]PRP ina[in]PRP adû[(treaty-)oath]N x[NA]NA x[NA]NA x[NA]NA x[NA]NA x[NA]NA x[NA]NA x[NA]NA x[NA]NA x[NA]NA x[NA]NA x[NA]NA x[NA]NA x[NA]NA x[NA]NA x[NA]NA,ah-li-qu-u-ni ma-a ina a-de-e x x x x x x x x x x x x x x x,,,P313644,50
191,P313644.51,r 21,x[NA]NA x[NA]NA x+x-a-te[NA]NA ša[NA]NA ni[NA]NA x[NA]NA x[NA]NA TA@v[NA]NA UD-x[NA]NA x[NA]NA x[NA]NA x[NA]NA x[NA]NA x[NA]NA x[NA]NA x[NA]NA x[NA]NA x[NA]NA,x x x+x-a-te ša ni x x TA@v UD-x x x x x x x x x x,,,P313644,51
192,P313644.52,r 21',x[NA]NA x[NA]NA x[NA]NA x[NA]NA x[NA]NA,x x x x x,,,P313644,52
193,P313644.53,r 22',x[NA]NA x[NA]NA x[NA]NA x-a[NA]NA ištu[from]PRP pānu[front]N x[NA]NA x[NA]NA x[NA]NA x[NA]NA x[NA]NA x[NA]NA x[NA]NA x[NA]NA x[NA]NA x[NA]NA x[NA]NA x[NA]NA x[NA]NA x[NA]NA x[NA]NA x[NA]NA x[NA]NA x[NA]NA,x x x x-a TA@v pa-ni x x x x x x x x x x x x x x x x x x,,,P313644,53
194,P313755.3,o 1',x[NA]NA x[NA]NA x[NA]NA x[NA]NA x[NA]NA ap-ta-x[NA]NA x[NA]NA x[NA]NA,x x x x x ap-ta-x x x,,,P313755,3
195,P313755.4,o 2',x[NA]NA x[NA]NA x[NA]NA x-u-ni[NA]NA ṣabātu[seize]V x[NA]NA x[NA]NA,x x x x-u-ni u₂-ṣa-bit x x,,,P313755,4
196,P313755.5,o 3',u[and]CNJ šumma[if]MOD qabû[say]V mā[saying]PRP šarru[king]N bēlu[lord]N,u₃ šum₂-mu ta-qa-bi ma-a LUGAL be-li₂,,,P313755,5
197,P313755.6,o 4',ilu[god]N sahāru[go-around]V tadānu[give]V x[NA]NA x[NA]NA,DINGIR-MEŠ-ia lu-sa-hi-ir li-di-na-ni x x,,,P313755,6
198,P313755.7,o 5',x[NA]NA x[NA]NA x[NA]NA arhiš[quickly]AV batiqtu[denunciation]N harāṣu[break-off]V,x x x ar₂-hiš ba-ti-iq-tu₂ hur-ṣu,,,P313755,7
199,P313755.8,o 6',šapāru[send]V basi[soon]AV ilu[god]N sahāru[go-around]V,šup-ra ba-si DINGIR-MEŠ-ni-ka u₂-sa-har,,,P313755,8
200,P313755.9,o 7',tadānu[give]V Muṣaṣir[1]GN x[NA]NA x[NA]NA,ad-da-nak-ka {URU}mu-ṣa-ṣir x x,,,P313755,9
201,P313755.10,o 8',ina[in]PRP libbu[interior]N ašābu[sit-(down)]V ṣabātu[seize]V x[NA]NA x[NA]NA x[NA]NA,ina ŠA₃-bi ši-i-bi ṣa-ba-at x x x,,,P313755,10
202,P313755.11,o 9',x[NA]NA x+x[NA]NA ša[of]DET ilu[god]N x[NA]NA x[NA]NA x[NA]NA x[NA]NA,x x+x ša DINGIR-MEŠ-ni-ka x x x x,,,P313755,11
203,P313755.12,o 10',x[NA]NA x-ia[NA]NA annû[this]DP ša[that]REL x[NA]NA x[NA]NA x[NA]NA,x x-ia ha-an-ni-i ša x x x,,,P313755,12
204,P313755.14,b.e. 11',x[NA]NA x[NA]NA atā[why?]QP lā[not]MOD ta-x[NA]NA x[NA]NA x[NA]NA x[NA]NA,x x a-ta-a la-a ta-x x x x,,,P313755,14
205,P313876.3,o 1',x[NA]NA x[NA]NA x[NA]NA x+x-ka[NA]NA mā[saying]PRP sinništu[woman]N,x x x x+x-ka ma-a MI₂-šu₂,,,P313876,3
206,P313876.4,o 2',ša[of]DET mašennu[(an-administrator)]N adi[until]PRP mārtu[daughter]N,ša {LU₂}IGI.DUB a-di DUMU.MI₂-MEŠ-ša₂,,,P313876,4
207,P313876.5,o 3',ina[in]PRP Mat-Aššur[Assyria]GN lū[may]MOD alāku[go]V,ina KUR-aš-šur lu tal-li-ka,,,P313876,5
208,P313876.6,o 4',atta[you]IP unqu[ring]N šarru[king]N šaṭāru[write]V,at-ta-ma un-qi LUGAL ta-sa-ṭar,,,P313876,6
209,P313876.7,o 5',ina[in]PRP muhhu[skull]N Bel-duri[1]PN wabālu[bring]V,ina UGU {1}EN-BAD₃ tu-se-bil₂,,,P313876,7
210,P313876.8,o 6',māru[son]N šipru[sending]N ina[in]PRP Dimašqa[Damascus]GN šapāru[send]V,{LU₂}A-KIN-ia {LU₂}A-KIN-ia ina {URU}di-maš-qi a-sa-pa-ra,,,P313876,8
211,P313876.9,o 7',sinništu[woman]N udī-[alone]AV tadānu[give]V,MI₂-šu₂ u₂-de-e-ša₂ i-tan-na-šu₂,,,P313876,9
212,P313876.10,o 8',ina[in]PRP muhhu[skull]N mārtu[daughter]N ša[that]REL kalû[hold-(back)]V,ina UGU DUMU.MI₂-MEŠ ša ik-lu-u-ni,,,P313876,10
213,P313876.11,o 9',x[NA]NA x[NA]NA šapāru[send]V i-x[NA]NA x[NA]NA x[NA]NA x[NA]NA,x x a-sa-par i-x x x x,,,P313876,11
214,P313915.3,o 1',x[NA]NA x[NA]NA x[NA]NA x[NA]NA x[NA]NA x[NA]NA x[NA]NA x[NA]NA x[NA]NA x+x[NA]NA x[NA]NA x[NA]NA x[NA]NA,x x x x x x x x x x+x x x x,,,P313915,3
215,P313915.4,o 2',x[NA]NA x[NA]NA x[NA]NA x[NA]NA x[NA]NA {1}{d}x+x-sa-kip[NA]NA pu-x[NA]NA x[NA]NA x[NA]NA,x x x x x {1}{d}x+x-sa-kip pu-x x x,,,P313915,4
216,P313915.5,o 3',x[NA]NA x[NA]NA x[NA]NA ša[that]REL šapāru[send]V mā[saying]PRP rabû[big-one]N mūgu[contingent]N,x x x ša taš-pur-an-ni ma-a {LU₂}GAL-mu-gi-ia {LU₂}GAL-mu-gi-ia,,,P313915,5
217,P313915.6,o 4',šapāru[send]V mā[saying]PRP išti[with]PRP Arpaddaya[from-Arpad]EN dibbu[words]N,a-šap-par ma-a TA@v {URU}ar-pad-da-a.a di-ib-bi,,,P313915,6
218,P313915.7,o 5',ṭābu[good]AJ dabābu[speak]V mā[saying]PRP tašlīšu[third-man-on-chariot]N,DUG₃.GA-MEŠ du-ub-bu ma-a {LU₂}03.U₅-ka,,,P313915,7
219,P313915.8,o 6',x[NA]NA x[NA]NA x[NA]NA ina[in]PRP libbu[interior]N Aššur[1]DN ilu[god]N tamû[swear]V,x x x ina ŠA₃ aš-šur DINGIR-MEŠ-ia u₂-ta-am-me-ka,,,P313915,8
220,P313915.9,o 7',šumma[if]MOD rabû[big-one]N mūgu[contingent]N šapāru[send]V,šum-ma {LU₂}GAL-mu-gi-ka {LU₂}GAL-mu-gi-ka ta-šap-par-an-ni,,,P313915,9
221,P313915.10,o 8',x[NA]NA x[NA]NA x[NA]NA x[NA]NA x[NA]NA x[NA]NA x[NA]NA x[NA]NA x[NA]NA lu[NA]NA sa[NA]NA x+x[NA]NA x[NA]NA x[NA]NA x[NA]NA,x x x x x x x x x lu sa x+x x x x,,,P313915,10
222,P314001.3,o 1',x[NA]NA Arpadda[Arpad]GN x[NA]NA x[NA]NA x[NA]NA x[NA]NA x[NA]NA x[NA]NA,x {URU}ar-pad-du x x x x x x,,,P314001,3
223,P314001.4,o 2',ūma[today]AV Ullusunu[1]PN x[NA]NA x[NA]NA x[NA]NA x[NA]NA x[NA]NA,u₂-ma-a {1}ul-lu-su-nu x x x x x,,,P314001,4
224,P314001.5,o 3',ana[to]PRP maṣṣartu[observation]N ša[of]DET ramānu[self]N x[NA]NA x[NA]NA x[NA]NA,a-na EN.NUN ša ra-me-ni-šu₂ x x x,,,P314001,5
225,P314001.6,o 4',x[NA]NA x+x[NA]NA u[and]CNJ egertu[inscribed-tablet]N x+x[NA]NA x[NA]NA x[NA]NA x[NA]NA x[NA]NA x[NA]NA,x x+x u₃ e-gir₂-tu₂ x+x x x x x x,,,P314001,6
226,P314001.7,o 5',x[NA]NA x[NA]NA ša[that]REL šapāru[send]V x[NA]NA x[NA]NA x[NA]NA x[NA]NA x[NA]NA,x x ša aš₂-pu-rak-kan-ni x x x x x,,,P314001,7
227,P314001.8,o 6',x[NA]NA x[NA]NA ina[in]PRP libbu[interior]N x[NA]NA x[NA]NA x[NA]NA x[NA]NA x[NA]NA,x x ina ŠA₃-bi x x x x x,,,P314001,8
228,P314001.12,r 1',x[NA]NA x[NA]NA x[NA]NA ni[NA]NA mu[NA]NA x[NA]NA x[NA]NA x[NA]NA x[NA]NA,x x x ni mu x x x x,,,P314001,12
229,P314001.13,r 2',muk[saying]PRP Ullusunu[1]PN x[NA]NA x[NA]NA,mu-uk {1}ul-lu-su-nu x x,,,P314001,13
230,P314001.14,r 3',x[NA]NA x[NA]NA x[NA]NA x[NA]NA x[NA]NA x[NA]NA x[NA]NA x[NA]NA x[NA]NA,x x x x x x x x x,,,P314001,14
231,P314243.2,1',x[NA]NA x[NA]NA x[NA]NA x[NA]NA x-ba[NA]NA izuzzu[stand]V,x x x x x-ba i-ti-iz,,,P314243,2
232,P314243.3,2',x[NA]NA x[NA]NA x[NA]NA x-bi[NA]NA annûri[now]AV,x x x x-bi an-nu-rig,,,P314243,3
233,P314243.4,3',dullu[trouble]N ša[that]REL ina[in]PRP muhhu[skull]N adi[until]PRP pilku[demarcated-zone]N,dul-lu ša ina UGU-hi-ka a-du pil-ki,,,P314243,4
234,P314243.5,4',ša[that]REL x[NA]NA x[NA]NA x[NA]NA x-ka-ni[NA]NA epēšu[do]V,ša x x x x-ka-ni e-ta-pa-aš₂,,,P314243,5
235,P314243.6,5',x[NA]NA x[NA]NA pilku[demarcated-zone]N išti[with]PRP 21[NA]NA x[NA]NA x[NA]NA,x x pi-il-ku TA@v 21 x x,,,P314243,6
236,P314243.7,6',x[NA]NA šupêlu[exchange]V dullu[trouble]N lā[not]MOD epēšu[do]V,x u₂-sa-pi-lu dul-lu la e-pu-šu,,,P314243,7
237,P314243.8,7',šapāru[send]V mā[saying]PRP ina[in]PRP muhhu[skull]N 05[NA]NA meʾatu[(one)-hundred]NU gušūru[tree-trunk]N,ta-sap-ra ma-a ina UGU 05 me {GIŠ}UR₃-MEŠ,,,P314243,8
238,P314243.9,8',x[NA]NA x[NA]NA x[NA]NA ina[in]PRP muhhu[skull]N 05-me-ma[NA]NA ša[of]DET x[NA]NA x[NA]NA,x x x ina UGU 05-me-ma ša x x,,,P314243,9
239,P314243.10,9',x[NA]NA x[NA]NA x[NA]NA ina[in]PRP muhhu[skull]N nāru[river]N karru[put-down]AJ ina[in]PRP muhhu[skull]N annû[this]DP,x x x ina UGU ID₂ kar-ru ina UGU an-nim-ma,,,P314243,10
240,P314243.11,10',pīhātu[responsibility]N ša[of]DET Til-Barsip[1]GN,{LU₂}EN.NAM ša {URU}tar-bu-si-bi,,,P314243,11
241,P314243.12,11',x[NA]NA x[NA]NA epēšu[do]V nuk[saying]PRP annû[this]DP,x x e-ta-pa-aš₂ nu-uk an-nu-ti,,,P314243,12
242,P314243.13,12',alāku[go]V ina[in]PRP muhhu[skull]N Aššur-šarru-uṣur[1]PN adi[until]PRP,lil-li-ku ina UGU {1}aš-šur-MAN-PAB a-du,,,P314243,13
243,P314243.14,13',māru[son]N šipru[sending]N ša[that]REL išti[with]PRP,{LU₂}A-KIN {LU₂}A-KIN ša is-se-e-šu₂,,,P314243,14
244,P314243.15,14',x[NA]NA x[NA]NA x-me-hu[NA]NA ana[to]PRP e-x[NA]NA x[NA]NA,x x x-me-hu a-na e-x x,,,P314243,15
245,P314243.17,b.e. 15',x[NA]NA x[NA]NA x-ni[NA]NA ša[of]DET 40-TA.AN[NA]NA,x x x-ni ša 40-TA.AN,,,P314243,17
246,P314243.18,b.e. 16',x[NA]NA x[NA]NA x+x[NA]NA lā[not]MOD ṭābu[good]AJ o[NA]NA,x x x+x la DUG₃.GA o,,,P314243,18
247,P314243.19,b.e. 17',dullu[trouble]N lā[not]MOD epēšu[do]V,dul-lu-um-ma la e-pu-šu,,,P314243,19
248,P314243.21,r 1,x[NA]NA x[NA]NA bur[NA]NA battubattu[all-round]PRP x[NA]NA x[NA]NA x[NA]NA,x x bur bat-ti-bat-ti x x x,,,P314243,21
249,P314243.22,r 2,x[NA]NA x[NA]NA ti[NA]NA x[NA]NA x+x[NA]NA x+x[NA]NA x[NA]NA x[NA]NA,x x ti x x+x x+x x x,,,P314243,22
250,P314243.23,r 3,nabalkutu[cross-over]V ūma[today]AV annûri[now]AV,i-ta-bal-ki-tu₂ u₂-ma-a an-nu-rig,,,P314243,23
251,P314243.24,r 4,šapāru[send]V ša[that]REL išti[with]PRP laššu[(there)-is-not]V,as-sap-rak-ka ša is-si-ka la-aš₂-šu₂,,,P314243,24
252,P314243.25,r 5,lā[not]MOD x[NA]NA x[NA]NA x-ti[NA]NA nišu[people]N lā[not]MOD kīnu[permanent]AJ,la x x x-ti UN-MEŠ la ke-nu-ti,,,P314243,25
253,P314243.26,r 6,šunu[they]IP x[NA]NA x+x[NA]NA pīhātu[responsibility]N,šu-nu x x+x {LU₂}EN.NAM,,,P314243,26
254,P334190.2,o 1,awātu[word]N šarru[king]N ana[to]PRP Ašipa[1]PN,a-bat LUGAL a-na {1}a-ši-pa-a,,,P334190,2
255,P334190.3,o 2,šulmu[completeness]N yâšim[to-me]IP,DI-mu ia-a-ši,,,P334190,3
256,P334190.4,o 3,libbu[interior]N lū[may]MOD ṭābu[good]AJ,ŠA₃-ba-ka lu DUG₃.GA-ka,,,P334190,4
257,P334190.5,o 4,ūmu[day]N ša[that]REL egertu[inscribed-tablet]N,UD-mu ša e-gir₂-tu₂,,,P334190,5
258,P334190.6,o 5,annû[this]DP amāru[see]V,an-ni-tu₂ ta-mar-u-ni,,,P334190,6
259,P334190.7,o 6,x[NA]NA x[NA]NA x[NA]NA x+x[NA]NA Nabu-šezibanni[1]PN,x x x x+x {1}{d}PA-še-zib-an-ni,,,P334190,7
260,P334190.8,o 7,x[NA]NA x[NA]NA x[NA]NA x[NA]NA lawû[surround]V,x x x x i-lab-bu-ni,,,P334190,8
261,P334190.9,o 8,x[NA]NA x[NA]NA x[NA]NA x[NA]NA x[NA]NA x[NA]NA x+x[NA]NA,x x x x x x x+x,,,P334190,9
262,P334194.2,o 1,awātu[word]N šarru[king]N,a-bat LUGAL,,,P334194,2
263,P334194.3,o 2,ana[to]PRP Ašipa[1]PN,a-na {1}a-ši-pa-a,,,P334194,3
264,P334194.4,o 3,ina[in]PRP muhhu[skull]N Nabataya[1]EN,ina UGU {LU₂}na-bat-a.a,,,P334194,4
265,P334194.5,o 4,annû[this]DP,ha-an-nu-ti,,,P334194,5
266,P334194.6,o 5,ša[that]REL šapāru[send]V,ša taš-pur-an-ni,,,P334194,6
267,P334194.7,o 6,ina[in]PRP pānu[front]N,ina pa-ni-ka,,,P334194,7
268,P334194.8,o 7,šunu[they]IP,šu-nu,,,P334194,8
269,P334195.2,o 1,awātu[word]N šarru[king]N ana[to]PRP Nabu-duru-uṣur[1]PN,a-bat LUGAL a-na {1}{d}PA-BAD₃-PAB,,,P334195,2
270,P334195.3,o 2,annûri[now]AV Mannu-ki-Aššur[1]PN,an-nu-rig {1}man-nu-ki-aš-šur,,,P334195,3
271,P334195.4,o 3,ša-qurbūti[close-follower]N ina[in]PRP muhhu[skull]N ṣīru[envoy]N,{LU₂}qur-bu-te ina UGU {LU₂}MAH-MEŠ,,,P334195,4
272,P334195.5,o 4,ammiu[that]DP Urarṭaya[Urarṭian]EN šapāru[send]V,am-mu-ti {KUR}URI-a.a a-sap-ra,,,P334195,5
273,P334195.6,o 5,ina[in]PRP pānātu[front]N hubtu[robbery]N annû[this]DP,ina pa-na-at {LU₂}hu-ub-te ha-an-nu-ti,,,P334195,6
274,P334195.7,o 6,ša[that]REL ina[in]PRP pānu[front]N kusāpu[bread]N akālu[eat]V,ša ina pa-ni-ku-nu NINDA-MEŠ e-ka-lu-u-ni,,,P334195,7
275,P334195.8,o 7,ana[to]PRP Arzuhina[1]GN wabālu[bring]V,a-na {URU}ur-zu-hi-na ub-ba-la-aš₂-šu₂-nu,,,P334195,8
276,P334195.9,o 8,atta[you]IP ūmu[day]N ša[that]REL egertu[inscribed-tablet]N annû[this]DP,at-ta UD-mu ša e-gir₂-tu₂ an-ni-tu₂,,,P334195,9
277,P334195.10,o 9,amāru[see]V rēšu[head]N hubtu[robbery]N,ta-mar-u-ni re-eš {LU₂}hu-ub-ti,,,P334195,10
278,P334195.11,o 10,annû[this]DP našû[lift]V lū[may]MOD etku[alert]AJ,ha-an-ni-i i-ši lu et-ku,,,P334195,11
279,P334195.12,o 11,izuzzu[stand]V ina[in]PRP libbu[interior]N ūmu[day]N,li-iz-zi-zu ina ŠA₃ UD-me,,,P334195,12
280,P334195.13,o 12,ša[that]REL Mannu-ki-Aššur[1]PN ša-qurbūti[close-follower]N,ša {1}man-nu-ki-aš-šur {LU₂}qur-bu-ti,,,P334195,13
281,P334195.14,o 13,šapāru[send]V mā[saying]PRP,i-šap-pa-rak-kan-ni ma-a,,,P334195,14
282,P334195.15,o 14,annûri[now]AV ṣīru[envoy]N,an-nu-rig {LU₂}MAH-MEŠ,,,P334195,15
283,P334195.16,o 15,ana[to]PRP Arzuhina[1]GN,a-na {URU}ur-zu-hi-na,,,P334195,16
284,P334195.17,o 16,qerēbu[approach]V mā[saying]PRP hubtu[robbery]N,iq-ṭar-bu-u-ni ma-a {LU₂}hu-ub-tu₂,,,P334195,17
285,P334195.18,o 17,namāšu[set-(o.s.)-in-motion]V hubtu[robbery]N pahāru[gather]V,nam-me-ša₂ {LU₂}hu-ub-tu pa-hir₂,,,P334195,18
286,P334195.19,o 18,ana[to]PRP Arzuhina[1]GN alāku[go]V o[NA]NA,a-na {URU}ur-zu-hi-na a-lik o,,,P334195,19
287,P334195.21,b.e. 19,x[NA]NA x[NA]NA x[NA]NA ana[to]PRP ša-muhhi-āli[town-overseer]N,x x x a-na {LU₂}ša₂-UGU-URU,,,P334195,21
288,P334195.22,b.e. 20,ša[of]DET Arzuhina[1]GN,ša {URU}ur-zu-hi-na,,,P334195,22
289,P334195.23,b.e. 21,paqādu[entrust]V,pi-qid,,,P334195,23
290,P334195.25,r 1,Aššur-balti-niše[1]PN šapāru[send]V,{1}aš-šur-TEŠ₂-UN-MEŠ-ma a-sap-ra,,,P334195,25
291,P334195.26,r 2,muk[saying]PRP alāku[go]V x[NA]NA x[NA]NA x[NA]NA x[NA]NA,mu-uk a-lik x x x x,,,P334195,26
292,P334195.27,r 3,adi[until]PRP pānu[front]N x[NA]NA x[NA]NA x[NA]NA x[NA]NA x[NA]NA x[NA]NA x[NA]NA,a-du pa-ni x x x x x x x,,,P334195,27
293,P334195.28,r 4,išti[with]PRP i-x[NA]NA x[NA]NA x[NA]NA x[NA]NA x[NA]NA,is-si-šu₂-nu i-x x x x x,,,P334195,28
294,P334195.29,r 5,kittu[truth]N sinništu[woman]N Urarṭaya[Urarṭian]EN,ke-e-tu MI₂-MEŠ {KUR}URI-a.a,,,P334195,29
295,P334195.30,r 6,ša[that]REL išti[with]PRP hubtu[robbery]N annû[this]DP,ša TA@v {LU₂}hu-ub-tu ha-an-ni-i,,,P334195,30
296,P334195.31,r 7,ina[in]PRP Arrapha[1]GN ina[in]PRP pānu[front]N x+x[NA]NA x[NA]NA x[NA]NA x[NA]NA,ina {URU}arrap-ha ina pa-ni-ka x+x x x x,,,P334195,31
297,P334195.32,r 8,išti[with]PRP hubtu[robbery]N lū[may]MOD lā[not]MOD alāku[go]V,TA@v {LU₂}hu-ub-tu lu la il-la-ka,,,P334195,32
298,P334195.33,r 9,u[and]CNJ annûri[now]AV sinništu[woman]N ša[that]REL buʾʾû[look-for]V,u₃ an-nu-rig MI₂-MEŠ ša u₂-ba-ʾu-u-ni,,,P334195,33
299,P334195.34,r 10,aṣû[go-out]V ina[in]PRP {URU}x+x[NA]NA wabālu[bring]V,u₂-še-ṣa-an-ni ina {URU}x+x ub-bal-u-ni,,,P334195,34
300,P334195.35,r 11,išti[with]PRP sinništu[woman]N annû[this]DP ina[in]PRP Arrapha[1]GN,TA@v MI₂-MEŠ ha-an-na-ti ina {URU}arrap-ha,,,P334195,35
301,P334195.36,r 12,lū[may]MOD kamsu[squatting]AJ kusāpu[bread]N akālu[eat]V,lu kam-mu-sa NINDA-MEŠ le-e-ku-la,,,P334195,36
302,P334195.37,r 13,mû[water]N šatû[drink]V adi[until]PRP bītu[house]N anāku[I]IP alāku[go]V,A-MEŠ li-is-si-a a-di E₂ a-na-ku al-lak-an-ni,,,P334195,37
303,P334195.38,r 14,mugerru[chariot]N ša[of]DET ēkallu[palace]N ša[that]REL sinništu[woman]N annû[this]DP,{GIŠ}GIGIR-MEŠ ša E₂.GAL ša MI₂-MEŠ an-na-ti,,,P334195,38
304,P334195.39,r 15,wabālu[bring]V kusāpu[bread]N ana[to]PRP nišu[people]N,ub-ba-lu-ni-ni NINDA-MEŠ a-na UN-MEŠ,,,P334195,39
305,P334195.40,r 16,kissatu[fodder]N ana[to]PRP urû[team]N,{ŠE}ki-is-su-tu₂ a-na {ANŠE}u₂-rat-MEŠ,,,P334195,40
306,P334195.41,r 17,tadānu[give]V,lid-di-nu,,,P334195,41
